"","chao_ecosystem","W_Ecosystm","gridcode","Id","name_clean","PAIS","n_occ_sp_pixel","n_occ_sp_total","sp_pixel","repres","B2"
"1",27,"Cool Temperate Moist Cropland on Mountains",18,10319,"Espeletia argentea","COLOMBIA",9,213,6,0.222222222222222,"SI"
"2",27,"Cool Temperate Moist Cropland on Mountains",18,10319,"Espeletia barclayana","COLOMBIA",12,98,6,0.222222222222222,"SI"
"3",27,"Cool Temperate Moist Cropland on Mountains",18,10319,"Espeletia cayetana","COLOMBIA",1,12,6,0.222222222222222,"SI"
"4",27,"Cool Temperate Moist Cropland on Mountains",18,10319,"Espeletia chocontana","COLOMBIA",3,27,6,0.222222222222222,"SI"
"5",27,"Cool Temperate Moist Cropland on Mountains",18,10319,"Espeletia corymbosa","COLOMBIA",1,299,6,0.222222222222222,"SI"
"6",27,"Cool Temperate Moist Cropland on Mountains",18,10319,"Espeletia grandiflora","COLOMBIA",4,569,6,0.222222222222222,"SI"
"7",27,"Cool Temperate Moist Cropland on Mountains",18,11542,"Espeletia corymbosa","COLOMBIA",16,299,4,0.148148148148148,"SI"
"8",27,"Cool Temperate Moist Cropland on Mountains",18,11542,"Espeletia grandiflora","COLOMBIA",1,569,4,0.148148148148148,"SI"
"9",27,"Cool Temperate Moist Cropland on Mountains",18,11542,"Espeletia pleiochasia","COLOMBIA",1,56,4,0.148148148148148,"SI"
"10",27,"Cool Temperate Moist Cropland on Mountains",18,11542,"Espeletia × bogotensis","COLOMBIA",1,8,4,0.148148148148148,"SI"
"11",27,"Cool Temperate Moist Cropland on Mountains",18,17014,"Espeletia hartwegiana","COLOMBIA",1,277,3,0.111111111111111,"SI"
"12",27,"Cool Temperate Moist Cropland on Mountains",18,17014,"Espeletia pycnophylla","COLOMBIA",10,301,3,0.111111111111111,"SI"
"13",27,"Cool Temperate Moist Cropland on Mountains",18,17014,"Espeletia schultesiana","COLOMBIA",1,25,3,0.111111111111111,"SI"
"14",14,"Cool Temperate Moist Forest on Mountains",16,10781,"Espeletia argentea","COLOMBIA",1,213,4,0.285714285714286,"SI"
"15",14,"Cool Temperate Moist Forest on Mountains",16,10781,"Espeletia congestiflora","COLOMBIA",2,101,4,0.285714285714286,"SI"
"16",14,"Cool Temperate Moist Forest on Mountains",16,10781,"Espeletia corymbosa","COLOMBIA",14,299,4,0.285714285714286,"SI"
"17",14,"Cool Temperate Moist Forest on Mountains",16,10781,"Espeletia corymbosa","ECUADOR",1,299,4,0.285714285714286,"SI"
"18",14,"Cool Temperate Moist Forest on Mountains",16,10781,"Espeletia grandiflora","COLOMBIA",8,569,4,0.285714285714286,"SI"
"19",14,"Cool Temperate Moist Forest on Mountains",16,10782,"Espeletia argentea","COLOMBIA",2,213,4,0.285714285714286,"SI"
"20",14,"Cool Temperate Moist Forest on Mountains",16,10782,"Espeletia corymbosa","COLOMBIA",2,299,4,0.285714285714286,"SI"
"21",14,"Cool Temperate Moist Forest on Mountains",16,10782,"Espeletia grandiflora","COLOMBIA",5,569,4,0.285714285714286,"SI"
"22",14,"Cool Temperate Moist Forest on Mountains",16,10782,"Espeletia killipii","COLOMBIA",1,78,4,0.285714285714286,"SI"
"23",14,"Cool Temperate Moist Forest on Mountains",16,11240,"Espeletia annemariana","COLOMBIA",1,18,5,0.357142857142857,"SI"
"24",14,"Cool Temperate Moist Forest on Mountains",16,11240,"Espeletia argentea","COLOMBIA",1,213,5,0.357142857142857,"SI"
"25",14,"Cool Temperate Moist Forest on Mountains",16,11240,"Espeletia grandiflora","COLOMBIA",22,569,5,0.357142857142857,"SI"
"26",14,"Cool Temperate Moist Forest on Mountains",16,11240,"Espeletia killipii","COLOMBIA",2,78,5,0.357142857142857,"SI"
"27",14,"Cool Temperate Moist Forest on Mountains",16,11240,"Espeletia uribei","COLOMBIA",1,64,5,0.357142857142857,"SI"
"28",14,"Cool Temperate Moist Forest on Mountains",16,15798,"Espeletia hartwegiana","COLOMBIA",1,277,2,0.142857142857143,"SI"
"29",14,"Cool Temperate Moist Forest on Mountains",16,15798,"Espeletia idroboi","COLOMBIA",1,12,2,0.142857142857143,"SI"
"30",47,"Cool Temperate Moist Grassland on Mountains",19,3779,"Espeletia arborea","VENEZUELA",2,9,8,0.170212765957447,"SI"
"31",47,"Cool Temperate Moist Grassland on Mountains",19,3779,"Espeletia banksiifolia","VENEZUELA",2,2,8,0.170212765957447,"SI"
"32",47,"Cool Temperate Moist Grassland on Mountains",19,3779,"Espeletia bracteosa","VENEZUELA",4,18,8,0.170212765957447,"SI"
"33",47,"Cool Temperate Moist Grassland on Mountains",19,3779,"Espeletia floccosa","VENEZUELA",1,25,8,0.170212765957447,"SI"
"34",47,"Cool Temperate Moist Grassland on Mountains",19,3779,"Espeletia marthae","VENEZUELA",7,8,8,0.170212765957447,"SI"
"35",47,"Cool Temperate Moist Grassland on Mountains",19,3779,"Espeletia schultzii","VENEZUELA",6,338,8,0.170212765957447,"SI"
"36",47,"Cool Temperate Moist Grassland on Mountains",19,3779,"Espeletia tenorae","VENEZUELA",9,14,8,0.170212765957447,"SI"
"37",47,"Cool Temperate Moist Grassland on Mountains",19,3779,"Espeletia weddellii","VENEZUELA",6,35,8,0.170212765957447,"SI"
"38",19,"Cool Temperate Moist Shrubland on Mountains",15,9717,"Espeletia boyacensis","COLOMBIA",1,156,6,0.315789473684211,"SI"
"39",19,"Cool Temperate Moist Shrubland on Mountains",15,9717,"Espeletia guacharaca","COLOMBIA",5,46,6,0.315789473684211,"SI"
"40",19,"Cool Temperate Moist Shrubland on Mountains",15,9717,"Espeletia muiska","COLOMBIA",7,61,6,0.315789473684211,"SI"
"41",19,"Cool Temperate Moist Shrubland on Mountains",15,9717,"Espeletia murilloi","COLOMBIA",8,127,6,0.315789473684211,"SI"
"42",19,"Cool Temperate Moist Shrubland on Mountains",15,9717,"Espeletia pescana","COLOMBIA",2,26,6,0.315789473684211,"SI"
"43",19,"Cool Temperate Moist Shrubland on Mountains",15,9717,"Espeletia tunjana","COLOMBIA",7,47,6,0.315789473684211,"SI"
"44",19,"Cool Temperate Moist Shrubland on Mountains",15,9720,"Espeletia boyacensis","COLOMBIA",5,156,9,0.473684210526316,"SI"
"45",19,"Cool Temperate Moist Shrubland on Mountains",15,9720,"Espeletia congestiflora","COLOMBIA",2,101,9,0.473684210526316,"SI"
"46",19,"Cool Temperate Moist Shrubland on Mountains",15,9720,"Espeletia guacharaca","COLOMBIA",1,46,9,0.473684210526316,"SI"
"47",19,"Cool Temperate Moist Shrubland on Mountains",15,9720,"Espeletia jimenez-quesadae","COLOMBIA",1,26,9,0.473684210526316,"SI"
"48",19,"Cool Temperate Moist Shrubland on Mountains",15,9720,"Espeletia lopezii","COLOMBIA",6,98,9,0.473684210526316,"SI"
"49",19,"Cool Temperate Moist Shrubland on Mountains",15,9720,"Espeletia murilloi","COLOMBIA",5,127,9,0.473684210526316,"SI"
"50",19,"Cool Temperate Moist Shrubland on Mountains",15,9720,"Espeletia nemekenei","COLOMBIA",1,19,9,0.473684210526316,"SI"
"51",19,"Cool Temperate Moist Shrubland on Mountains",15,9720,"Espeletia oswaldiana","COLOMBIA",1,11,9,0.473684210526316,"SI"
"52",19,"Cool Temperate Moist Shrubland on Mountains",15,9720,"Espeletia tunjana","COLOMBIA",2,47,9,0.473684210526316,"SI"
"53",7,"Polar Moist Forest on Mountains",7,10916,"Espeletia hartwegiana","COLOMBIA",6,277,3,0.428571428571429,"SI"
"54",7,"Polar Moist Forest on Mountains",7,10916,"Espeletia roberti","COLOMBIA",1,19,3,0.428571428571429,"SI"
"55",7,"Polar Moist Forest on Mountains",7,10916,"Espeletia rositae","COLOMBIA",1,15,3,0.428571428571429,"SI"
"56",7,"Polar Moist Forest on Mountains",7,11985,"Espeletia hartwegiana","COLOMBIA",4,277,1,0.142857142857143,"SI"
"57",7,"Polar Moist Forest on Mountains",7,12288,"Espeletia hartwegiana","COLOMBIA",6,277,1,0.142857142857143,"SI"
"58",7,"Polar Moist Forest on Mountains",7,12289,"Espeletia hartwegiana","COLOMBIA",1,277,1,0.142857142857143,"SI"
"59",7,"Polar Moist Forest on Mountains",7,13662,"Espeletia idroboi","COLOMBIA",1,12,1,0.142857142857143,"SI"
"60",7,"Polar Moist Forest on Mountains",7,14578,"Espeletia hartwegiana","COLOMBIA",1,277,1,0.142857142857143,"SI"
"61",7,"Polar Moist Forest on Mountains",7,14731,"Espeletia hartwegiana","COLOMBIA",1,277,1,0.142857142857143,"SI"
"62",7,"Polar Moist Forest on Mountains",7,15036,"Espeletia hartwegiana","COLOMBIA",2,277,1,0.142857142857143,"SI"
"63",7,"Polar Moist Forest on Mountains",7,15189,"Espeletia hartwegiana","COLOMBIA",6,277,2,0.285714285714286,"SI"
"64",7,"Polar Moist Forest on Mountains",7,15189,"Espeletia idroboi","COLOMBIA",4,12,2,0.285714285714286,"SI"
"65",7,"Polar Moist Forest on Mountains",7,17928,"Espeletia pycnophylla","ECUADOR",2,301,1,0.142857142857143,"SI"
"66",7,"Polar Moist Forest on Mountains",7,18081,"Espeletia pycnophylla","ECUADOR",4,301,1,0.142857142857143,"SI"
"67",7,"Polar Moist Forest on Mountains",7,18691,"Espeletia pycnophylla","ECUADOR",1,301,1,0.142857142857143,"SI"
"68",93,"Polar Moist Grassland on Mountains",4,4082,"Espeletia batata","VENEZUELA",5,28,12,0.129032258064516,"SI"
"69",93,"Polar Moist Grassland on Mountains",4,4082,"Espeletia floccosa","VENEZUELA",7,25,12,0.129032258064516,"SI"
"70",93,"Polar Moist Grassland on Mountains",4,4082,"Espeletia marcescens","VENEZUELA",2,69,12,0.129032258064516,"SI"
"71",93,"Polar Moist Grassland on Mountains",4,4082,"Espeletia moritziana","VENEZUELA",37,123,12,0.129032258064516,"SI"
"72",93,"Polar Moist Grassland on Mountains",4,4082,"Espeletia occulta","VENEZUELA",2,75,12,0.129032258064516,"SI"
"73",93,"Polar Moist Grassland on Mountains",4,4082,"Espeletia schultzii","VENEZUELA",48,338,12,0.129032258064516,"SI"
"74",93,"Polar Moist Grassland on Mountains",4,4082,"Espeletia semiglobulata","VENEZUELA",7,26,12,0.129032258064516,"SI"
"75",93,"Polar Moist Grassland on Mountains",4,4082,"Espeletia spicata","VENEZUELA",15,52,12,0.129032258064516,"SI"
"76",93,"Polar Moist Grassland on Mountains",4,4082,"Espeletia timotensis","VENEZUELA",27,109,12,0.129032258064516,"SI"
"77",93,"Polar Moist Grassland on Mountains",4,4082,"Espeletia weddellii","VENEZUELA",2,35,12,0.129032258064516,"SI"
"78",93,"Polar Moist Grassland on Mountains",4,4082,"Espeletia × cristalinensis","VENEZUELA",2,14,12,0.129032258064516,"SI"
"79",93,"Polar Moist Grassland on Mountains",4,4082,"Espeletia × jajoensis","VENEZUELA",2,23,12,0.129032258064516,"SI"
"80",93,"Polar Moist Grassland on Mountains",4,5294,"Espeletia badilloi","VENEZUELA",4,57,10,0.10752688172043,"SI"
"81",93,"Polar Moist Grassland on Mountains",4,5294,"Espeletia bromelioides","VENEZUELA",1,14,10,0.10752688172043,"SI"
"82",93,"Polar Moist Grassland on Mountains",4,5294,"Espeletia jahnii","VENEZUELA",3,4,10,0.10752688172043,"SI"
"83",93,"Polar Moist Grassland on Mountains",4,5294,"Espeletia leucactina","VENEZUELA",3,4,10,0.10752688172043,"SI"
"84",93,"Polar Moist Grassland on Mountains",4,5294,"Espeletia marcescens","VENEZUELA",7,69,10,0.10752688172043,"SI"
"85",93,"Polar Moist Grassland on Mountains",4,5294,"Espeletia neriifolia","VENEZUELA",3,99,10,0.10752688172043,"SI"
"86",93,"Polar Moist Grassland on Mountains",4,5294,"Espeletia occulta","VENEZUELA",7,75,10,0.10752688172043,"SI"
"87",93,"Polar Moist Grassland on Mountains",4,5294,"Espeletia thyrsiformis","VENEZUELA",10,28,10,0.10752688172043,"SI"
"88",93,"Polar Moist Grassland on Mountains",4,5294,"Espeletia × meridensis","VENEZUELA",2,11,10,0.10752688172043,"SI"
"89",93,"Polar Moist Grassland on Mountains",4,5294,"Espeletia × tachirensis","VENEZUELA",4,14,10,0.10752688172043,"SI"
"90",93,"Polar Moist Grassland on Mountains",4,6966,"Espeletia brassicoidea","COLOMBIA",1,39,10,0.10752688172043,"SI"
"91",93,"Polar Moist Grassland on Mountains",4,6966,"Espeletia caldasii","COLOMBIA",5,15,10,0.10752688172043,"SI"
"92",93,"Polar Moist Grassland on Mountains",4,6966,"Espeletia conglomerata","COLOMBIA",2,76,10,0.10752688172043,"SI"
"93",93,"Polar Moist Grassland on Mountains",4,6966,"Espeletia corymbosa","COLOMBIA",1,299,10,0.10752688172043,"SI"
"94",93,"Polar Moist Grassland on Mountains",4,6966,"Espeletia estanislana","COLOMBIA",1,15,10,0.10752688172043,"SI"
"95",93,"Polar Moist Grassland on Mountains",4,6966,"Espeletia funckii","COLOMBIA",1,13,10,0.10752688172043,"SI"
"96",93,"Polar Moist Grassland on Mountains",4,6966,"Espeletia rositae","COLOMBIA",3,15,10,0.10752688172043,"SI"
"97",93,"Polar Moist Grassland on Mountains",4,6966,"Espeletia santanderensis","COLOMBIA",17,55,10,0.10752688172043,"SI"
"98",93,"Polar Moist Grassland on Mountains",4,6966,"Espeletia standleyana","COLOMBIA",6,19,10,0.10752688172043,"SI"
"99",93,"Polar Moist Grassland on Mountains",4,6966,"Espeletia × bogotensis","COLOMBIA",1,8,10,0.10752688172043,"SI"
"100",53,"Polar Moist Shrubland on Mountains",6,8802,"Espeletia arbelaezii","COLOMBIA",2,32,7,0.132075471698113,"SI"
"101",53,"Polar Moist Shrubland on Mountains",6,8802,"Espeletia argentea","COLOMBIA",1,213,7,0.132075471698113,"SI"
"102",53,"Polar Moist Shrubland on Mountains",6,8802,"Espeletia azucarina","COLOMBIA",3,4,7,0.132075471698113,"SI"
"103",53,"Polar Moist Shrubland on Mountains",6,8802,"Espeletia brachyaxiantha","COLOMBIA",1,32,7,0.132075471698113,"SI"
"104",53,"Polar Moist Shrubland on Mountains",6,8802,"Espeletia congestiflora","COLOMBIA",1,101,7,0.132075471698113,"SI"
"105",53,"Polar Moist Shrubland on Mountains",6,8802,"Espeletia discoidea","COLOMBIA",2,5,7,0.132075471698113,"SI"
"106",53,"Polar Moist Shrubland on Mountains",6,8802,"Espeletia rositae","COLOMBIA",3,15,7,0.132075471698113,"SI"
"107",53,"Polar Moist Shrubland on Mountains",6,9568,"Espeletia boyacensis","COLOMBIA",7,156,8,0.150943396226415,"SI"
"108",53,"Polar Moist Shrubland on Mountains",6,9568,"Espeletia congestiflora","COLOMBIA",4,101,8,0.150943396226415,"SI"
"109",53,"Polar Moist Shrubland on Mountains",6,9568,"Espeletia guacharaca","COLOMBIA",1,46,8,0.150943396226415,"SI"
"110",53,"Polar Moist Shrubland on Mountains",6,9568,"Espeletia incana","COLOMBIA",3,28,8,0.150943396226415,"SI"
"111",53,"Polar Moist Shrubland on Mountains",6,9568,"Espeletia jaramilloi","COLOMBIA",1,13,8,0.150943396226415,"SI"
"112",53,"Polar Moist Shrubland on Mountains",6,9568,"Espeletia lopezii","COLOMBIA",6,98,8,0.150943396226415,"SI"
"113",53,"Polar Moist Shrubland on Mountains",6,9568,"Espeletia pescana","COLOMBIA",11,26,8,0.150943396226415,"SI"
"114",53,"Polar Moist Shrubland on Mountains",6,9568,"Espeletia rositae","COLOMBIA",2,15,8,0.150943396226415,"SI"
"115",53,"Polar Moist Shrubland on Mountains",6,9721,"Espeletia annemariana","COLOMBIA",2,18,7,0.132075471698113,"SI"
"116",53,"Polar Moist Shrubland on Mountains",6,9721,"Espeletia arbelaezii","COLOMBIA",1,32,7,0.132075471698113,"SI"
"117",53,"Polar Moist Shrubland on Mountains",6,9721,"Espeletia boyacensis","COLOMBIA",1,156,7,0.132075471698113,"SI"
"118",53,"Polar Moist Shrubland on Mountains",6,9721,"Espeletia congestiflora","COLOMBIA",3,101,7,0.132075471698113,"SI"
"119",53,"Polar Moist Shrubland on Mountains",6,9721,"Espeletia lopezii","COLOMBIA",2,98,7,0.132075471698113,"SI"
"120",53,"Polar Moist Shrubland on Mountains",6,9721,"Espeletia pescana","COLOMBIA",1,26,7,0.132075471698113,"SI"
"121",53,"Polar Moist Shrubland on Mountains",6,9721,"Espeletia tunjana","COLOMBIA",6,47,7,0.132075471698113,"SI"
"122",53,"Polar Moist Shrubland on Mountains",6,10934,"Espeletia argentea","COLOMBIA",5,213,6,0.113207547169811,"SI"
"123",53,"Polar Moist Shrubland on Mountains",6,10934,"Espeletia corymbosa","COLOMBIA",10,299,6,0.113207547169811,"SI"
"124",53,"Polar Moist Shrubland on Mountains",6,10934,"Espeletia glandulosa","COLOMBIA",1,79,6,0.113207547169811,"SI"
"125",53,"Polar Moist Shrubland on Mountains",6,10934,"Espeletia grandiflora","COLOMBIA",19,569,6,0.113207547169811,"SI"
"126",53,"Polar Moist Shrubland on Mountains",6,10934,"Espeletia killipii","COLOMBIA",17,78,6,0.113207547169811,"SI"
"127",53,"Polar Moist Shrubland on Mountains",6,10934,"Espeletia × bogotensis","COLOMBIA",1,8,6,0.113207547169811,"SI"
"128",3,"Sub Tropical Dry Forest on Mountains",77,2407,"Espeletia vergarae","VENEZUELA",1,20,1,0.333333333333333,"SI"
"129",3,"Sub Tropical Dry Forest on Mountains",77,3016,"Espeletia neriifolia","VENEZUELA",1,99,1,0.333333333333333,"SI"
"130",28,"Warm Temperate Dry Cropland on Mountains",49,9259,"Espeletia boyacensis","COLOMBIA",5,156,9,0.321428571428571,"SI"
"131",28,"Warm Temperate Dry Cropland on Mountains",49,9259,"Espeletia cachaluensis","COLOMBIA",1,7,9,0.321428571428571,"SI"
"132",28,"Warm Temperate Dry Cropland on Mountains",49,9259,"Espeletia congestiflora","COLOMBIA",3,101,9,0.321428571428571,"SI"
"133",28,"Warm Temperate Dry Cropland on Mountains",49,9259,"Espeletia glandulosa","COLOMBIA",2,79,9,0.321428571428571,"SI"
"134",28,"Warm Temperate Dry Cropland on Mountains",49,9259,"Espeletia guacharaca","COLOMBIA",2,46,9,0.321428571428571,"SI"
"135",28,"Warm Temperate Dry Cropland on Mountains",49,9259,"Espeletia incana","COLOMBIA",1,28,9,0.321428571428571,"SI"
"136",28,"Warm Temperate Dry Cropland on Mountains",49,9259,"Espeletia muiska","COLOMBIA",14,61,9,0.321428571428571,"SI"
"137",28,"Warm Temperate Dry Cropland on Mountains",49,9259,"Espeletia murilloi","COLOMBIA",3,127,9,0.321428571428571,"SI"
"138",28,"Warm Temperate Dry Cropland on Mountains",49,9259,"Espeletia pleiochasia","COLOMBIA",20,56,9,0.321428571428571,"SI"
"139",28,"Warm Temperate Dry Cropland on Mountains",49,9260,"Espeletia congestiflora","COLOMBIA",1,101,4,0.142857142857143,"SI"
"140",28,"Warm Temperate Dry Cropland on Mountains",49,9260,"Espeletia incana","COLOMBIA",1,28,4,0.142857142857143,"SI"
"141",28,"Warm Temperate Dry Cropland on Mountains",49,9260,"Espeletia pleiochasia","COLOMBIA",1,56,4,0.142857142857143,"SI"
"142",28,"Warm Temperate Dry Cropland on Mountains",49,9260,"Espeletia tunjana","COLOMBIA",4,47,4,0.142857142857143,"SI"
"143",28,"Warm Temperate Dry Cropland on Mountains",49,10473,"Espeletia argentea","COLOMBIA",4,213,3,0.107142857142857,"SI"
"144",28,"Warm Temperate Dry Cropland on Mountains",49,10473,"Espeletia chocontana","COLOMBIA",2,27,3,0.107142857142857,"SI"
"145",28,"Warm Temperate Dry Cropland on Mountains",49,10473,"Espeletia grandiflora","COLOMBIA",1,569,3,0.107142857142857,"SI"
"146",4,"Warm Temperate Dry Cropland on Plains",52,10777,"Espeletia argentea","COLOMBIA",5,213,3,0.75,"SI"
"147",4,"Warm Temperate Dry Cropland on Plains",52,10777,"Espeletia barclayana","COLOMBIA",1,98,3,0.75,"SI"
"148",4,"Warm Temperate Dry Cropland on Plains",52,10777,"Espeletia corymbosa","COLOMBIA",4,299,3,0.75,"SI"
"149",4,"Warm Temperate Dry Cropland on Plains",52,10929,"Espeletia corymbosa","COLOMBIA",1,299,1,0.25,"SI"
"150",4,"Warm Temperate Dry Cropland on Plains",52,10930,"Espeletia corymbosa","COLOMBIA",11,299,1,0.25,"SI"
"151",15,"Warm Temperate Dry Forest on Mountains",55,3625,"Espeletia nana","VENEZUELA",6,18,5,0.333333333333333,"SI"
"152",15,"Warm Temperate Dry Forest on Mountains",55,3625,"Espeletia neriifolia","VENEZUELA",2,99,5,0.333333333333333,"SI"
"153",15,"Warm Temperate Dry Forest on Mountains",55,3625,"Espeletia occulta","VENEZUELA",2,75,5,0.333333333333333,"SI"
"154",15,"Warm Temperate Dry Forest on Mountains",55,3625,"Espeletia schultzii","VENEZUELA",13,338,5,0.333333333333333,"SI"
"155",15,"Warm Temperate Dry Forest on Mountains",55,3625,"Espeletia × jajoensis","VENEZUELA",4,23,5,0.333333333333333,"SI"
"156",57,"Warm Temperate Moist Cropland on Mountains",39,9107,"Espeletia arbelaezii","COLOMBIA",2,32,11,0.192982456140351,"SI"
"157",57,"Warm Temperate Moist Cropland on Mountains",39,9107,"Espeletia boyacensis","COLOMBIA",2,156,11,0.192982456140351,"SI"
"158",57,"Warm Temperate Moist Cropland on Mountains",39,9107,"Espeletia brachyaxiantha","COLOMBIA",4,32,11,0.192982456140351,"SI"
"159",57,"Warm Temperate Moist Cropland on Mountains",39,9107,"Espeletia congestiflora","COLOMBIA",4,101,11,0.192982456140351,"SI"
"160",57,"Warm Temperate Moist Cropland on Mountains",39,9107,"Espeletia glandulosa","COLOMBIA",3,79,11,0.192982456140351,"SI"
"161",57,"Warm Temperate Moist Cropland on Mountains",39,9107,"Espeletia guacharaca","COLOMBIA",2,46,11,0.192982456140351,"SI"
"162",57,"Warm Temperate Moist Cropland on Mountains",39,9107,"Espeletia incana","COLOMBIA",2,28,11,0.192982456140351,"SI"
"163",57,"Warm Temperate Moist Cropland on Mountains",39,9107,"Espeletia muiska","COLOMBIA",2,61,11,0.192982456140351,"SI"
"164",57,"Warm Temperate Moist Cropland on Mountains",39,9107,"Espeletia murilloi","COLOMBIA",10,127,11,0.192982456140351,"SI"
"165",57,"Warm Temperate Moist Cropland on Mountains",39,9107,"Espeletia nemekenei","COLOMBIA",1,19,11,0.192982456140351,"SI"
"166",57,"Warm Temperate Moist Cropland on Mountains",39,9107,"Espeletia tunjana","COLOMBIA",4,47,11,0.192982456140351,"SI"
"167",57,"Warm Temperate Moist Cropland on Mountains",39,9258,"Espeletia arbelaezii","COLOMBIA",1,32,15,0.263157894736842,"SI"
"168",57,"Warm Temperate Moist Cropland on Mountains",39,9258,"Espeletia boyacensis","COLOMBIA",2,156,15,0.263157894736842,"SI"
"169",57,"Warm Temperate Moist Cropland on Mountains",39,9258,"Espeletia cachaluensis","COLOMBIA",2,7,15,0.263157894736842,"SI"
"170",57,"Warm Temperate Moist Cropland on Mountains",39,9258,"Espeletia congestiflora","COLOMBIA",8,101,15,0.263157894736842,"SI"
"171",57,"Warm Temperate Moist Cropland on Mountains",39,9258,"Espeletia corymbosa","COLOMBIA",2,299,15,0.263157894736842,"SI"
"172",57,"Warm Temperate Moist Cropland on Mountains",39,9258,"Espeletia glandulosa","COLOMBIA",7,79,15,0.263157894736842,"SI"
"173",57,"Warm Temperate Moist Cropland on Mountains",39,9258,"Espeletia guacharaca","COLOMBIA",3,46,15,0.263157894736842,"SI"
"174",57,"Warm Temperate Moist Cropland on Mountains",39,9258,"Espeletia incana","COLOMBIA",3,28,15,0.263157894736842,"SI"
"175",57,"Warm Temperate Moist Cropland on Mountains",39,9258,"Espeletia jimenez-quesadae","COLOMBIA",1,26,15,0.263157894736842,"SI"
"176",57,"Warm Temperate Moist Cropland on Mountains",39,9258,"Espeletia muiska","COLOMBIA",3,61,15,0.263157894736842,"SI"
"177",57,"Warm Temperate Moist Cropland on Mountains",39,9258,"Espeletia murilloi","COLOMBIA",2,127,15,0.263157894736842,"SI"
"178",57,"Warm Temperate Moist Cropland on Mountains",39,9258,"Espeletia nemekenei","COLOMBIA",3,19,15,0.263157894736842,"SI"
"179",57,"Warm Temperate Moist Cropland on Mountains",39,9258,"Espeletia paipana","COLOMBIA",5,5,15,0.263157894736842,"SI"
"180",57,"Warm Temperate Moist Cropland on Mountains",39,9258,"Espeletia pleiochasia","COLOMBIA",1,56,15,0.263157894736842,"SI"
"181",57,"Warm Temperate Moist Cropland on Mountains",39,9258,"Espeletia tunjana","COLOMBIA",1,47,15,0.263157894736842,"SI"
"182",57,"Warm Temperate Moist Cropland on Mountains",39,9408,"Espeletia arbelaezii","COLOMBIA",7,32,10,0.175438596491228,"SI"
"183",57,"Warm Temperate Moist Cropland on Mountains",39,9408,"Espeletia barclayana","COLOMBIA",1,98,10,0.175438596491228,"SI"
"184",57,"Warm Temperate Moist Cropland on Mountains",39,9408,"Espeletia boyacensis","COLOMBIA",8,156,10,0.175438596491228,"SI"
"185",57,"Warm Temperate Moist Cropland on Mountains",39,9408,"Espeletia corymbosa","COLOMBIA",2,299,10,0.175438596491228,"SI"
"186",57,"Warm Temperate Moist Cropland on Mountains",39,9408,"Espeletia garciae","COLOMBIA",22,36,10,0.175438596491228,"SI"
"187",57,"Warm Temperate Moist Cropland on Mountains",39,9408,"Espeletia glandulosa","COLOMBIA",9,79,10,0.175438596491228,"SI"
"188",57,"Warm Temperate Moist Cropland on Mountains",39,9408,"Espeletia muiska","COLOMBIA",3,61,10,0.175438596491228,"SI"
"189",57,"Warm Temperate Moist Cropland on Mountains",39,9408,"Espeletia murilloi","COLOMBIA",7,127,10,0.175438596491228,"SI"
"190",57,"Warm Temperate Moist Cropland on Mountains",39,9408,"Espeletia nemekenei","COLOMBIA",3,19,10,0.175438596491228,"SI"
"191",57,"Warm Temperate Moist Cropland on Mountains",39,9408,"Espeletia tunjana","COLOMBIA",6,47,10,0.175438596491228,"SI"
"192",57,"Warm Temperate Moist Cropland on Mountains",39,9409,"Espeletia argentea","COLOMBIA",1,213,6,0.105263157894737,"SI"
"193",57,"Warm Temperate Moist Cropland on Mountains",39,9409,"Espeletia barclayana","COLOMBIA",1,98,6,0.105263157894737,"SI"
"194",57,"Warm Temperate Moist Cropland on Mountains",39,9409,"Espeletia boyacensis","COLOMBIA",2,156,6,0.105263157894737,"SI"
"195",57,"Warm Temperate Moist Cropland on Mountains",39,9409,"Espeletia glandulosa","COLOMBIA",1,79,6,0.105263157894737,"SI"
"196",57,"Warm Temperate Moist Cropland on Mountains",39,9409,"Espeletia muiska","COLOMBIA",1,61,6,0.105263157894737,"SI"
"197",57,"Warm Temperate Moist Cropland on Mountains",39,9409,"Espeletia murilloi","COLOMBIA",3,127,6,0.105263157894737,"SI"
"198",57,"Warm Temperate Moist Cropland on Mountains",39,10018,"Espeletia argentea","COLOMBIA",8,213,11,0.192982456140351,"SI"
"199",57,"Warm Temperate Moist Cropland on Mountains",39,10018,"Espeletia barclayana","COLOMBIA",18,98,11,0.192982456140351,"SI"
"200",57,"Warm Temperate Moist Cropland on Mountains",39,10018,"Espeletia boyacensis","COLOMBIA",6,156,11,0.192982456140351,"SI"
"201",57,"Warm Temperate Moist Cropland on Mountains",39,10018,"Espeletia congestiflora","COLOMBIA",2,101,11,0.192982456140351,"SI"
"202",57,"Warm Temperate Moist Cropland on Mountains",39,10018,"Espeletia corymbosa","COLOMBIA",3,299,11,0.192982456140351,"SI"
"203",57,"Warm Temperate Moist Cropland on Mountains",39,10018,"Espeletia guacharaca","COLOMBIA",1,46,11,0.192982456140351,"SI"
"204",57,"Warm Temperate Moist Cropland on Mountains",39,10018,"Espeletia killipii","COLOMBIA",1,78,11,0.192982456140351,"SI"
"205",57,"Warm Temperate Moist Cropland on Mountains",39,10018,"Espeletia murilloi","COLOMBIA",24,127,11,0.192982456140351,"SI"
"206",57,"Warm Temperate Moist Cropland on Mountains",39,10018,"Espeletia pleiochasia","COLOMBIA",1,56,11,0.192982456140351,"SI"
"207",57,"Warm Temperate Moist Cropland on Mountains",39,10018,"Espeletia raquirensis","COLOMBIA",7,7,11,0.192982456140351,"SI"
"208",57,"Warm Temperate Moist Cropland on Mountains",39,10018,"Espeletiopsis rabanalensis","COLOMBIA",6,20,11,0.192982456140351,"SI"
"209",57,"Warm Temperate Moist Cropland on Mountains",39,10325,"Espeletia arbelaezii","COLOMBIA",1,32,7,0.12280701754386,"SI"
"210",57,"Warm Temperate Moist Cropland on Mountains",39,10325,"Espeletia argentea","COLOMBIA",5,213,7,0.12280701754386,"SI"
"211",57,"Warm Temperate Moist Cropland on Mountains",39,10325,"Espeletia barclayana","COLOMBIA",1,98,7,0.12280701754386,"SI"
"212",57,"Warm Temperate Moist Cropland on Mountains",39,10325,"Espeletia chocontana","COLOMBIA",6,27,7,0.12280701754386,"SI"
"213",57,"Warm Temperate Moist Cropland on Mountains",39,10325,"Espeletia corymbosa","COLOMBIA",5,299,7,0.12280701754386,"SI"
"214",57,"Warm Temperate Moist Cropland on Mountains",39,10325,"Espeletia murilloi","COLOMBIA",1,127,7,0.12280701754386,"SI"
"215",57,"Warm Temperate Moist Cropland on Mountains",39,10325,"Espeletiopsis rabanalensis","COLOMBIA",4,20,7,0.12280701754386,"SI"
"216",57,"Warm Temperate Moist Cropland on Mountains",39,10472,"Espeletia argentea","COLOMBIA",10,213,8,0.140350877192982,"SI"
"217",57,"Warm Temperate Moist Cropland on Mountains",39,10472,"Espeletia barclayana","COLOMBIA",2,98,8,0.140350877192982,"SI"
"218",57,"Warm Temperate Moist Cropland on Mountains",39,10472,"Espeletia cayetana","COLOMBIA",1,12,8,0.140350877192982,"SI"
"219",57,"Warm Temperate Moist Cropland on Mountains",39,10472,"Espeletia chocontana","COLOMBIA",2,27,8,0.140350877192982,"SI"
"220",57,"Warm Temperate Moist Cropland on Mountains",39,10472,"Espeletia corymbosa","COLOMBIA",9,299,8,0.140350877192982,"SI"
"221",57,"Warm Temperate Moist Cropland on Mountains",39,10472,"Espeletia garciae","COLOMBIA",1,36,8,0.140350877192982,"SI"
"222",57,"Warm Temperate Moist Cropland on Mountains",39,10472,"Espeletia grandiflora","COLOMBIA",6,569,8,0.140350877192982,"SI"
"223",57,"Warm Temperate Moist Cropland on Mountains",39,10472,"Espeletia × pachoana","COLOMBIA",1,1,8,0.140350877192982,"SI"
"224",57,"Warm Temperate Moist Cropland on Mountains",39,11390,"Espeletia argentea","COLOMBIA",18,213,6,0.105263157894737,"SI"
"225",57,"Warm Temperate Moist Cropland on Mountains",39,11390,"Espeletia corymbosa","COLOMBIA",60,299,6,0.105263157894737,"SI"
"226",57,"Warm Temperate Moist Cropland on Mountains",39,11390,"Espeletia grandiflora","COLOMBIA",46,569,6,0.105263157894737,"SI"
"227",57,"Warm Temperate Moist Cropland on Mountains",39,11390,"Espeletia killipii","COLOMBIA",2,78,6,0.105263157894737,"SI"
"228",57,"Warm Temperate Moist Cropland on Mountains",39,11390,"Espeletia × bogotensis","COLOMBIA",1,8,6,0.105263157894737,"SI"
"229",57,"Warm Temperate Moist Cropland on Mountains",39,11390,"Espeletia × verdeana","COLOMBIA",4,5,6,0.105263157894737,"SI"
"230",50,"Warm Temperate Moist Grassland on Mountains",37,9560,"Espeletia barclayana","COLOMBIA",3,98,6,0.12,"SI"
"231",50,"Warm Temperate Moist Grassland on Mountains",37,9560,"Espeletia boyacensis","COLOMBIA",3,156,6,0.12,"SI"
"232",50,"Warm Temperate Moist Grassland on Mountains",37,9560,"Espeletia garciae","COLOMBIA",3,36,6,0.12,"SI"
"233",50,"Warm Temperate Moist Grassland on Mountains",37,9560,"Espeletia glandulosa","COLOMBIA",6,79,6,0.12,"SI"
"234",50,"Warm Temperate Moist Grassland on Mountains",37,9560,"Espeletia guacharaca","COLOMBIA",1,46,6,0.12,"SI"
"235",50,"Warm Temperate Moist Grassland on Mountains",37,9560,"Espeletia pleiochasia","COLOMBIA",1,56,6,0.12,"SI"
"236",50,"Warm Temperate Moist Grassland on Mountains",37,9561,"Espeletia barclayana","COLOMBIA",12,98,11,0.22,"SI"
"237",50,"Warm Temperate Moist Grassland on Mountains",37,9561,"Espeletia boyacensis","COLOMBIA",12,156,11,0.22,"SI"
"238",50,"Warm Temperate Moist Grassland on Mountains",37,9561,"Espeletia cayetana","COLOMBIA",2,12,11,0.22,"SI"
"239",50,"Warm Temperate Moist Grassland on Mountains",37,9561,"Espeletia garciae","COLOMBIA",6,36,11,0.22,"SI"
"240",50,"Warm Temperate Moist Grassland on Mountains",37,9561,"Espeletia glandulosa","COLOMBIA",1,79,11,0.22,"SI"
"241",50,"Warm Temperate Moist Grassland on Mountains",37,9561,"Espeletia grandiflora","COLOMBIA",1,569,11,0.22,"SI"
"242",50,"Warm Temperate Moist Grassland on Mountains",37,9561,"Espeletia guacharaca","COLOMBIA",3,46,11,0.22,"SI"
"243",50,"Warm Temperate Moist Grassland on Mountains",37,9561,"Espeletia incana","COLOMBIA",2,28,11,0.22,"SI"
"244",50,"Warm Temperate Moist Grassland on Mountains",37,9561,"Espeletia jimenez-quesadae","COLOMBIA",1,26,11,0.22,"SI"
"245",50,"Warm Temperate Moist Grassland on Mountains",37,9561,"Espeletia murilloi","COLOMBIA",17,127,11,0.22,"SI"
"246",50,"Warm Temperate Moist Grassland on Mountains",37,9561,"Espeletia pleiochasia","COLOMBIA",2,56,11,0.22,"SI"
"247",9,"Warm Temperate Moist Settlement on Mountains",38,11237,"Espeletia argentea","COLOMBIA",1,213,4,0.444444444444444,"SI"
"248",9,"Warm Temperate Moist Settlement on Mountains",38,11237,"Espeletia corymbosa","COLOMBIA",25,299,4,0.444444444444444,"SI"
"249",9,"Warm Temperate Moist Settlement on Mountains",38,11237,"Espeletia grandiflora","COLOMBIA",20,569,4,0.444444444444444,"SI"
"250",9,"Warm Temperate Moist Settlement on Mountains",38,11237,"Espeletia × bogotensis","COLOMBIA",1,8,4,0.444444444444444,"SI"
"251",23,"Warm Temperate Moist Shrubland on Mountains",41,8803,"Espeletia arbelaezii","COLOMBIA",10,32,5,0.217391304347826,"SI"
"252",23,"Warm Temperate Moist Shrubland on Mountains",41,8803,"Espeletia argentea","COLOMBIA",1,213,5,0.217391304347826,"SI"
"253",23,"Warm Temperate Moist Shrubland on Mountains",41,8803,"Espeletia congestiflora","COLOMBIA",1,101,5,0.217391304347826,"SI"
"254",23,"Warm Temperate Moist Shrubland on Mountains",41,8803,"Espeletia glandulosa","COLOMBIA",12,79,5,0.217391304347826,"SI"
"255",23,"Warm Temperate Moist Shrubland on Mountains",41,8803,"Espeletia rositae","COLOMBIA",2,15,5,0.217391304347826,"SI"
